{
  "validation_status": "PASSED",
  "correlation": 0.8280837317417095,
  "analyzers": {
    "quadrupole": {
      "resolution": 2000,
      "avg_entropy": 0.1779181857932539
    },
    "tof": {
      "resolution": 20000,
      "avg_entropy": 0.8895909289662697
    },
    "orbitrap": {
      "resolution": 100000,
      "avg_entropy": 35.58363715865078
    },
    "fticr": {
      "resolution": 1000000,
      "avg_entropy": 533.7545573797616
    },
    "ion_trap": {
      "resolution": 5000,
      "avg_entropy": 13.343863934494044
    }
  }
}